0	0	0	0	0	1	0	0	0	0	0	2	0	1	0
1	2	2	2	2	0	0	0
2	0	0	1	2	2	0	2	2	0	0	1	0	1
3	2	2	2	0	0	0	2	2	0
4	1	1	1	0	0	0	0	0	1	1	1	2	0	0	0
5	0	0	0	1
6	1	1	1	0	0	2	1	0	2	2	2	2	0	0	2	2	2	2	2	2	2	2
7	0	2
8	0	0	0	0	1	0	1
9	0	0	0	1	0	0	0	0	0	1	0	0	2	2
10	2	2	2	2	2	0
11	0	2	0	1	0	0	1	1	1	1
12	0	1	2	2	2	0	2	0	2	2	2	2
13	1	0	1	0
14	0	0	0	1	0	0
15	2	0	0	2	2	2	2	2	0	2	0	0	0	0	0	1	2	2	2	0	2	1	1
16	1	1	2	2	0	0
17	2	1	0	0	2	0	2	1	1	1	1
18	0	0	0	1	0	1	2	0	2	1	2
19	0	0
20	0	1	1	1	1	1	1	1	0	0	0	0	1	1	1	1	0
21	2	0	1	1	0	1	2	0	2	0	0	2	0	1
22	2	0	2	0
23	2	2	2	1	0	0	0	0	2
24	0	0	0	1	1	0	0	1	2
25	1	1	1	1	0	0	0	0	0	0	0	1	0	0
26	2	0	1	0	0	1	1	1	0	0	0	2	0	0
27	2	1
28	2	2	2	1	2	1	2	2
29	1	1	0	1	2	2	2	2	0	2	2	1	0
30	0	1	0	0	2	1	2	2	0	0	0	2	0	0	2	2
31	0	0	0	0
32	2	0	2	0	1	0	1	1	0	2	1	1	2	2	2	0	0	2	0
33	2	1	0	0	1	0	0	0	1	1	0
34	0	0	0	1	0	0	0	0	0	1	0	0	0	2
35	1	1	1	1	1	1
36	0	0	0	0	2	2
37	0	1	1	2
38	2	0	1	0	2	0	2	1	1	1	2	2
39	2	2	2	2	2	2	2	1	0	0	2	0	0	0	0	2	2	2	2
40	2	2	0	0	0	0	1	0	2	2	0	2	1	2	2
41	2	2	0	0	0	2	0	0	0	0	0	0	2	0	2	2
42	0	2
43	0	0	0	0	0	0	0
44	0	1	0
45	2	2	0	2	0
46	1	2	2	1	0	0	2	1	1	1	0	2	1	2	1
47	0	0	0	0	0	0	0	1	0	0	1	0	1	0	1	1	0
48	0
49	0	0	2	1	2	0	0	0	0	1	0	0	2	2	0	2	0	0	1	0	1	2
50	1	2	1	0	0	2	2	2	1	2	2	0	0	2	2	2	0
51	0	2	0	2	2	2	2	2	2	2	2
52	0	1	0	0	0	0	0	0	0	0	0	0
53	1	1	0	0	0	0	1	0	1
54	2	2	2	2	2	0	1	2	2	1	0	0	2	2	2	2	2	1	1	1	1	0	1	2
55	1	1	0	1	0	1	1	0	1	1	1	1	1	1	1	1	0
56	1	0	1	0	0	0	1
57	0	2	2
58	0	0	1	0	2	1	0	0	0	0
59	0	1	0	1	1	1	1	1	1	1
61	0	1	1	0	0	2	1	2	1
62	0	1	0	1	1	0	0	0	2	2	0
63	1	0	1	2	1	2	0	2
64	2	0	0	0	0	1	0	1	1	2	0	2	0
65	1	1	0	1
66	0	0	0	0	2	0	0	2	1	1	2	0
67	1	0	1	0	1	2	1	1	0	1	1	0	0	0	2
68	2	1	0	2
69	1	0	0	2	2	0	2
70	1	0	0	0	0	2	0	2	2
71	0	0
72	0	2	0	2	0	0	0	0
73	0	1	1	0	0	0	1	0	0	0	2	0
74	1	0	0	0	2	2	2
75	0
76	0	0	0	0	0	1	1	2
77	0	0	0	0	1
78	1	2	2	0	2	2
79	0	2	1	1	0	2	0	0
80	0	1	1	0	0	0
81	0	0	0	1	2	0	1	1	1	0	0	2	0	2	2	2	1
82	0	0	2	2	2	0	2	0	2	0	0
83	0	0	2	0
84	2	2	2	2	0	0	2
85	0	0	0	0	0
86	0	0	1	0	0	1	0	0	0	0	1
87	2	0	2	2	1	0	0	1	1	1
88	0	1	0	0
89	2	0	1	0	0	1	1	0	2	2	2	2	0	1
90	2
91	2
92	2	0
93	0	0	0	1	0	2	2	2
94	0	0	2	0	2	2	2	2	0	0	1	1	0	1	0	1
95	1	1	0	0	1	1	1	2	2	0	0	0	1	0	0	0	0	0
96	0	0	0	0	0
97	0	0	0	2
98	0
99	1	1	1	1	0	2	0	2	1	0	0	2	0	1	0	0	0	2	0
100	0	0	0	2	0	0	0	2
101	0	2
102	0	0	0
103	1	0	1	1	0	0	1	1
104	1	1
105	2	2
106	0	2	0	0	0	2
107	0	0	0	0	1	0	0	0	0	0
108	0	0	1	0	1	0	0
109	0	2	2	1	1	2	2	2	1	0	0	0	0	0	2	2	2	2	1	2	1
110	0	1	1	2	0	1
111	1	2	1	0	1	2	2	0	2	0	2	0	0	2	0	2	1	2
112	2	2	2	2	2
113	0	2	0	0	0	0	0	0	1	0	0
114	0	1	0	1	1
115	0	0	0	0	2	0	2	2
116	0	0	2	1	0	0	0	2
117	1	0	1	0
118	0	1	0	1	2	1
119	0	0	0	0	2	0	2	1	0	0	0	0	2
120	2	1	1	0	2	0	0	0	0	0	0	0	0	0
121	0	1	1	2	2	0	2
122	2	2	0	0	0	0	0	1	1	2	0	0	2	2	0	0
123	1	2	2	2	2	0	2	0	2	0	2
124	1	2	0	2	2	1	1	2	2	0	0	1
125	1	0	0	0	0	0	0	0	1
126	1	2	1	0	1	2	0	2	0	2	0	0	2
127	0	2	2	2	2
128	0	0	1	1	1	1	0	1	0	1
129	1	2	2	2	2	2	2	2	0	0	2	2	2	0	0
130	1	0	0	2	0	0	0	0	0	2	0	2	0	0	0	0	1	1
131	0	2	0
132	1	0	2	2	2	0	2	0	2	0	0
133	2
134	0
135	0	0	0	0	0	0	0	0
136	0	0	1	0	0
137	0	0	0	0	1	0	1	0
138	2	2	1	2	1	2	2	0	0	0	1	2	0	2	0	2	1
139	0	0	2	1	2	1
140	0	0	2
141	0	0	0	0	0	0	0	0
142	0	1
143	0	0	2	1	0
144	0	0	0	0	1	1
145	2	0	2	0	2	2	2	2	2	2	2	2	2	2	1	2	1	0	2
146	0	2	0	2	0	0	0	0	0	2	2	2	2
147	0	0	0	1	2	1	2	2	2	0	0	2
148	2	0	2	2	2	1	2	0	0	0	0	0	0	2	0	2	0	2	2	2	2
149	2	0	0	1
150	2	0	2	2
151	1	1	1	1	2	0	2	1	0	2	0	0	0	2	0
152	2	1	0	0	0	0	1	2	2	2
153	0	1	0	0	1	0	1	0	2	0	2	2	2
154	1	1	2	2	2	2	2	2	0
155	0	0	1	1	1	1	0	1	1	1	0	0	0
156	2	2	2	2	0	2	0	2	2	1	0	0
157	1	1	1
158	0	0	2	1	2	2	0
159	1	1	1	1	1	1	1	1	1	0
160	0	1	0	0	0	2	2	0	2	1	0	1	0	0	2	2	0	0
161	0	1	0	0	0	1
162	0	0
163	0	2	1	2	2	0	0	2	2	2	0
164	2	0	1	0	2	2	0	0	1	1
165	0	1	0	1	0	1	2	1	1	0	0	0	0	0	0	0	1	1	1	1
166	0	0	0
167	1	1	2	0	0	0	2	0	2	2	0	0	0
168	0	0	0	0	0	0	2	0	0	2	0	2	0	0	0
169	1	1	0
170	2	0	2	2	2	0	2	1	0	0	2	0
171	1	0	0	0	1	0	1	2
172	0	0	1	1	0	0	0	1	0
173	1	2	1	2	2	0	2	2	2	1
174	1	1	1	1	0	0	2	1
175	0	1	1	0	2	2	0	2	0	2	2	2
176	1	0	1	1	1	0	1	0	0	1
177	1	0	0	2	1	2	1	1	2	1	0
178	1	0	2
179	0	0	0	0	0	0	0	0	0	0	1	0	0	0	0	0	0	0	0	2
180	1	2	2	2	1	1	1	0	1	0	2	1	2
181	2	0	0	1	0
182	0	2	2	2	2	2	2	0	2	2	0	0	0	0	0	0
183	0	1	1	0	0	1	0	0	0	1	0	0	1	0	0	0	0	0	0	1
184	1	0	0	1	1	1	2	0	0	1	2	2	0	2	0	2	2	2	0	2	0	2
185	1	0	1	0	1	2	1	1	1	1	0	1	2	1
186	1	1	1	1	0	2
187	2	1	1	1	0	1	0	0	0	1
188	0	0	2	2	2	0
189	2	0	0	0	0	1	2	0	2	0	0	1	2	1	0
190	0	0	1	0	1	0	1	0
191	2	0	0	1	0	0	0
192	2	0	0	1	1	2	1	2
193	0	1	1	0	0	2	0	0
194	0	1
195	0	0	1	2	1	0	0	1	2	0	0	2	0	0	2	0	0	0	1	1
196	0	0	1
197	1	2	1	1	1	0	0	0
198	0	0	1	0	1	0	1
199	2	1	1	1	0	0	1	1	0	1	0	0
200	0	2	2	2	2	2	2	1	1	1
201	0	0	1	2	2	2	1	1	1	1
202	1	0	0	0	0	2	0	2	1	2	0	0	0	0	2
203	1	1	1	1	1	0
204	1	0	0	0	0	1	0	0	2	0	0	0	0	2
205	0	0	0	1	1	0	1
206	0	2	0	2	2	0	0	2	0	2	2	2	2	2	2	2	2	0	2
207	1	0	1	0	0	0	0	0	0	0	1	1	0	1	1	0	0	2	2	0
208	2	0	2	0	2	1	2	0	0	1	1	1	2	2	2	2
209	0
210	2	2	2	2	2	2	1	1	1	0	0
211	1	0	1	0	1	2	0	2	1	1	2	2	2	0
212	0	1	0	2	2	2	0	2	0	2
213	0	0	1	0	2
214	1	0	2	1	0	1	1	0	1	0	0
215	1
216	2	0	0
217	0
218	0	0	0	2	0	2	0	0	0	0	0	0
219	1	0	0	1	1	0	2	0	2	0	2	2	2
220	0	1	0	2	0	0	0
221	0	0	1	0	0	2
222	1	0	0	1	2	1	0	0	1	0	1	1	1	0	2	2	0	2	2
223	0	0	0	0	0	2	0	0	0	0	0	0	1	0	0
224	0	0	0	0	1	1
225	2	0	1	1	0	0	1	0	0	2	0	0
226	1	1	0	0	0	0	0	0	1	1	0	0	2	0	2	2	1	0	1
227	0
228	2	2	0	1	1	1	0	2
229	0	1	0	0	0
230	0	1
231	0	0	0	0	0	0	0	2	0	2	2	0	0	0	0
232	2	0	0	2	0	2	0	2	0	2	2	0	1	2	0	0	2	0	0	0
233	1	2
234	1	0	0	2	0	2	0	0	2	2
235	2	2	1	1	2	1	0	0	2	0
236	1	0	0	0	0	2	2	0	0	0	2	0	2	1	2
237	2	2	2	0	2	2	2	2	2	2	0	0
238	0	0	0	0	0	0	0
239	0	0	1	1	0	2	1
240	0	0	0	2	0	0	0
241	2	2	0	2	1	2	0	0	2	0	1	2	2	2
242	1	0	0	0	0	2	2
243	1	1
244	0	0	0	2	0	0
245	1	1	1	1	0	1	0	1	1	2	2	2	2	2	2	2	0
246	1	2	0	0	0	0	0
247	0	2	1
248	0	2	1	1	2	1	2
249	0	0	0	1	2	2	2	1	0	1	1	0	1
250	1	1	1	1	1	0	0
251	2	0	0	0	0	0	2
252	0	0	0	0	0	0	0	0	0	0	0	0	1	0	0	1	2	0
253	0	1	1	1	0	1	1	0	1	2	1	0
254	2	2	2	2	2	2	2	0	1	2
255	2	0	2	0	2	1	2	1	1	2	2	2	1	2	2	0
256	2	0	2	0	0	0	2	1	0	0	2	2	2	2	2	0
257	1	2	2	0	2	2	2
258	1	0	1	0	0	0	1
259	2	2	2	2
260	0	2	2	2	2	2	2	2	0	0	2	2
261	1	1	0	1	2	2	0	1	2
262	0	0	0	2	2
263	1	1	0	1	0	0	1	2	1
264	0	0	2	0	1	0	0	2	2	0	0	0	0	0	0	1	0	0	0
265	2	0	2	0	2
266	0
267	0
268	2	0
269	0	2
270	0	1	1	0
271	1	1	1	1	1	2	0	0	0	2	0
272	2	2	2	2	0	0	0	1	2
273	0	2	2	2	2	0	0	1	2	1	0	0	0	1	0	0	0	2	1
274	2	2	2	2	0	1	2	2	2	1	2	2	2
275	2	2	0	2	2	2	0	0	0	1	2	2	2	1	2	2	2
276	1	2	0
277	0	0	0	2	0	0	0
278	0	1	1	0	2	1	0	1	1
279	2	2	2	2	2	0	1	0	0	1	0	1	0	2	0	2
280	0	2	0
281	1	1	0	0	2	0	2	0	2	0	1
282	1	0	1
283	2	0	2	0	0	0	2
284	0	0	0
285	0	1	0	1	0	0	0	2	0	2	0	0	0	0	0	0
286	0	0	0	0
287	0	2	2	0	2	0	0	1	0	0	0	0	1
288	1	0	1	2	0	0	2	1	1	0	0	1	1	0	1	1	0	0	0	0	1
289	2	0	2	2	0
290	2
291	2	2
292	0	2	0	0	2	0
293	2	2	2	0	2	0	0	0	1	0	2	0	1
294	1	0
295	2	0	2	1	2	2	2	2	2	2	2	2	2	2	1	0	2	2	2	2	2	2
296	0	0	0	1	0	2	0	0	0	0	0	1	0	0	1	1	0	1	0	2	0
297	0	1	2	0	1	0	1	0	1	0
298	2	2	1	0	2	2	2
299	0	0	0	0
300	1	0	0	2	2	2	0	0	2	2	2	0	2	0	0
301	2	2	2	0	2	0	0	2	2	0	1	2	0	2	2	2
302	0	2	2	2	0	1	0	0	0	2	0
303	2	0
304	0	0	0	0	0	2	0	0	2	2	2
305	1	0	2	0	0	1	0	0	0	1	0	0	1	1	1
306	1	1	2	1	0	1	1	0
307	0	1	2	0	0	0	0	0	1	0	0	0	0
308	0	1	0	0	0	0
309	1	1	1	0	0
310	0	0	1	2	0	2	2
311	0	1	1	1	0	1	0	1	2	0	1	0	0
312	0	2	2	0	2	2	0	1	1	2	1	0	2	2	0	0	0	2	2	0	0	2
313	0	0	0	1
314	1	1	1	0	1	1	0	0	1	0	0	0
315	0	0	1	1	2	0	1	1	1	1
316	0	0	2	0	2	2	1	0	0
317	0	1	0	2	0	1	1	1	2	2	2	0	2	2	2	2
318	0	0	0	0	0
319	0	1	0	0	0	0	2	1	2	0	0	0	0	2	1	2	0	1	0	1	1	0	2
320	0	0	0	2	2	1	2	1	2	0	0	0	1	2	0	0	1	1
321	1	1	1	0	1	0	1	1	1	0	2	2
322	2	2
323	2
324	0	2	0	0	0	0	0	0
325	0
326	2	1	1	0	2	2	1	0	0
327	2	0	1	0	1	0	2	0
328	2	2	2	0	2	0	1	1	2
329	1	2	0	1	2	2	0	2	0	2	0
330	0	0	1	0
331	2	0	0	0	2	0	0	0	1	1
332	2	0	0	0	0	1	0	2	0	0	0	2	2	2	2	0
333	0	0	1	0	0
334	1	0	2	0	0	0	0	0	0	0	0	0	0
335	0	1	0	0
336	1	1	0	0	1	2	2	2	2	2	2	0	1	1	1	1	1	1	0	1	1
337	0	2	0	1	1	1	2	2	0	2	0	0	0	0	2	2	2	0	2	0
338	0	1	0	2	1	0	0	0	1	0	0	0	0	0	0	0	0
339	0	0	2	1
340	0
341	0
342	0	0	0	0	0	1	2	1	0	0	2	0	0	2	0	1	2	1	0	0
343	2
344	1	0	0	0	1	1	1	2	0	1	1	1	0	1	2
345	0	0	1	0	1
346	1	2	2	0	0	1	0
347	2	0	1	0	2	0	2	2	1	2	2	0
348	1	1	1	0
349	1	1	1	0	1	1	0	2	0	0	1	2
350	0	1	1	1	0	0	0	0
351	2	2	2	2	2	2	2	2	1	2	2	1	2	2	2	1
352	0	2	1	2	0	1	1
353	0	0
354	0	0	0	0	0	0	0	1	1	0	1	0	0	0	2	0	0	0
355	2	0	0	1	0
356	2	1	0	2	0	0	2	1	0	2	2	1	0	1	0	0	0	2	0	0	2	2	0
357	2	0	2
358	0	0	0	2	0	0	2	0	1	2	1	2	0	2	2	0	0	0	2
359	1	0	2	1	1	2
360	2	2	0	0	0	0
361	0	0	0	2	0	0	1	1	0	2	1	1	0	0	0
362	2	0	0	2	0	2	0	2	0	1
363	0	0
364	0
365	0	0	0	0	0	2	2	0	0	0	0	0	0	2	2
366	0	0	2	0	2	2	2	2	2	2	0	0	0	2	0	2	0	0	0
367	2	0	1	0	0	1	1	0	1	1	0	1	0	0	0	1
368	2	1
369	0
370	0	1	0	1
371	0	0	0	0	0	0	1	0	0	0	1	2
372	0	1	1	2	2	2	2	1	1	2	1	0	0
373	0	0	1
374	1	2	2	0	2	2	0	2	2	2	0	0	2	2	1	0
375	1	0	1	1	2
376	1	1	1	2
377	0	0	0	0	2	0	2
378	0	0	0
379	2	2	2	2	2	2	2	2	0	0	1
380	0	2	2	0	1
381	0
382	1	0	1
383	0	2	1	2	2	0	0	0	0	0	0	2
384	0	1	0	0	1
385	2	1	2	2	0	0
386	1
387	2	1	2	1	2
388	1	0	0	1	2	2	2	2	0	2	2	2	1	0	2	0	2
389	0	2	1	0	1	0	1	0	1	0	0	1	1
390	1	1	2
391	0
392	1	1	1	1	1	0	1	0	1	1	1	0	1
393	0	0	0	2	1	1	2	1
394	2	0
395	2	0	2	1	2	2	2	0	0
396	2
397	2	0	0
398	0	0	2	2	2	0	2	2	2	2	2	2	2	0
399	2
400	2	2	2	0	0	1	2	0	2
401	0	0	0	0	0	0	0	1	1	0	1	2	1
402	0	0
403	0
404	1	1	0	2	2	0	0	2	2	1	1	1	0	0	0	0	0	0	0
405	0	2	2	2	2	2	0
406	1	1	1	1
407	2	2	0	2	0	0	2	2	0	0	0
408	0	0	0	0	0
409	0	0	0	1	0	0	0	1	1	0	1
410	2	1	2	1	0	0	2	0	0	0	2	0	0	0	0	1	0	2	2
411	0	2	0	1	0
412	2	0	0	0	2	0	0	2	1	0	2	2	0	0	2	0	2
413	0	0	0	0	0
414	0	0	0	1	0	0	1	1	0	0	0
415	2	0	0	0	0	0	0	0	0	2	1
416	1	1	0	2
417	0
418	0	2	0	0	2	0	0	0	0	0	2	0	0	0	0	1	2	0	2	2	0	0	0
419	0
420	1	1	1	0	2	0	0	0
421	0	0	0	2	2	2	0	2	0
422	0	0	0	0	0	0	1	0
423	0	0	0	0	0	2	2	2	0	1	1
424	1	1	0	0	0	0	0	0	0	0	0	0	2	1	1	1
425	0	0	2	1	2	1
426	0	2	2	0	0	0	0	2
427	2	0
428	0	2	1	1	2	0	2	1	2
429	0	0	0	0	1	0	0	0	0	2	1	0
430	2	0	2	2	2	0	0	1	2
431	1	0	0	0	0	1	2	1	1	2	2	2	2	2	2	2	2	2	2	2
432	0
433	0	0
434	2	2	2	0	0	0	1	1	0	0	2	0	0	0	0
435	0	1	1	1	2	0	1	1	1	1
436	1	2	2	2	0	2
437	2	1	0
438	2	0	0	2	0	0	0	0	1	2	0	1	0	0	0
439	0	2	0	1	1	1	0
440	0	0	1	0	0	0	0	0	0	1	0	2	0	0
441	0	2	0	1	0	0	0	2	0	0
442	1	0	0	0	2	2
443	1	0	0	0	0	0	0	1
444	1	0	0	0	0	0	0
445	0	2	2	2	0	1	0	1	1	2	2	0	2	2	2	2	2	2	2	2	2
446	1	1	0	0	0	0	0	0	0	0	1	0	1	1	2	2	2	2	2	0
447	0	0	1
448	0	2	2	2	2	2	2	1	2	2	2	0
449	0	0	2	2	1	0	1	2	1	2	2	1	2	0
450	0	0	0	0	0	1	0	2	1	1	1	1	1	0	0	2	0	0	0	1	0	0	0	0
451	0	2	1	0	2	0	0	2
452	0	0	0	1	0
453	2	1
454	0	2	2
455	0	0	0	0	0	2	1	1	2	0	1	2	0	1	0	0	0	2
456	1	0	2	2	2	2	2	2	2	2	0	2
457	0	0	2	0	0	1	1	2	2	0	0	0	2	2
458	2
459	0	2	1	2	0	0	0	0	0	0	2	2
460	2	0	2	1
461	0	0	0	0
462	1	1	0	0	2	0	2	0	0
463	1	2	0	2	2	2	0	0	1	1	2	0	0	0
464	0	1	0	1	0	1	1	0	0	0	0	1	0	0	1	2	1	2	2	0	2
465	0	0	2	2	0	1
466	1	1	1	2	0	0	1	2	0	2	0	2	2	2	2	2
467	1	0	0
468	0	2	1	1	1	1	1	0	1	1
469	0	1
470	0
471	2	2	0	0	1	0	0
472	0	2
473	0	0	2	2	0
474	1	2	1	2	0	2	0	2	2	2	2	1	1	1	1	1	2	1	0
475	2	0	0	1	0	0	1	1	0	0	0	0	2	2	2	0	0
476	2	0	0	2	2	2	0	2	0	2	2	2
477	0	0	0	2	0	1	2	1	0	1	2	0	0	1	0	2	0	0	0
478	0	1	1	0	0	0	0	0	0	0	2	0	2	1
479	1	0	0	0	2	2	2	2	2	2	2	0
480	1	1	0	0	1	1	0	0	0	2
481	2	1	1	2	2	0	0	0	2	0	0	0	2	2	2
482	2	2	2	0	0	2	2	2	0	2	0	2	2	2	0	1	1	1
483	0	2	0	2	2	0	2	0	2	2	0	0	0	0	0	2
484	0	0	0
485	1
486	0	0	0	0	0	0	0	2	0	2	2	2	2	2	2	2	0	1
487	1
488	1	0	0	0	0	0
489	1	1	0	0	0
490	0
491	0	2	2
492	1	0	0	0
493	2	1	0	0	0	0	0	1	0	1	0	0	2
494	0
495	0	0	2
496	0	0	2	0	0	0	0	2	2	0	2	2	2	1	0
497	0	2	2
498	0	0	1	2	2	2	2	2	0
499	1	1	0	1	0	0	0	0	1	0	0	0	0	1	2	1	1	0	1	0
500	0	1
501	0	1	1	1	1	2	0	0	1	1	0	1	0
502	1	0	1
503	2	1	2	1	1	1	0	1	1	2	0	2	1	0	0	0
504	1	1	0	0	0	0	1	0	1	0	0	1	2	2
505	1	0	2	0	0	0	2	0	0	0	0	0	2	0	2	0
506	2	2	2	2	0	2	2	2	2	2	2	2
507	0	1	0	0	2	0	0	2	1	0	1	0	1	1	0	0	0
508	2	0	1	0	2	0	0	0	0	0	0	2	0	1	0	0	0	0	2	2	2	2
509	0	0	0	0	2	0	0	0	0	0	2	2	2	2	2	0	0
510	0	1	0	1	0	1
511	2	0	2	2	0	0	2
512	1	1	0	0	0	0	0	1	2	2	2	2	2	2	2
513	0	0	0	2	2
514	1	0	0	0	2	0	0	0
515	0	2	0	2	0	0	0
516	2	1	2	1	1	2
517	2	1	0	1	1	2	1
518	2	2	0	2	0	0	0	1	0
519	2	2	0	0	1
520	0	0	2	0	2	2	0
521	0	0	2	2	2	2	0
522	1	0	1	0	0	0	1
523	2	1	0	1	0	1	2	1	0	1	1	1	2	0	2	1	0	0	0	0	0	2	1	1
524	0	1	2	0	0	0	0	0	0	2	0	2	0	2	0	2	2
525	0	0	0	2	2	0	0	1	0
526	1	0	0	0	1	1	2	0	0	0	0	2	1	0	2	0	2	0	0	0	0
527	2	1	1	0	1	2	0	2
528	1	0	0	1	0	2
529	2	0	0	2	0	0	1	0	0	0
530	2	2	0	2	0	2	2	2	2	2	2	2	2	0	2	0	2	2	0	0	0	0	2	2
531	2	2	2	2	0	2	2	0	0	0	2	2	0	0	2	1
532	0	0	0	0	1	1	0	2	2	2	2	0	0	2	1	0
533	0	0	2	0	1	1	0	0	0	0
534	0	0	1	1
535	0	1	2	0
536	2	0	0	0	2	2	0	2	1	1	0	0	0	1	0	0
537	0	0	1	2	0
538	2	2	0	2	1	1	1	1	1	2
539	0	0	1	1	1	0	2
540	2	2	2	2	2
541	1	1	0	1	2	1	0	1	1	1	1	0	0	1	1	0	2	0	0	1
542	0	2	1	2	1	0	2	2	1
543	2	0	1
544	0	2	0	1	0	1	0	0	0
545	2	2	2	2	0	1	2	0	0	0	2	2	0	0
546	0	0	0	0	0	0	0	0	2	2	0	0	2	1	2	1	0	0	2
547	1	0	1
548	1	0	1	1	1	2	0	0	2
549	1	0	2	0	0	0	1	2	0	1
550	0
551	0	1	0	1	0	1	0	0	0	0
552	2	0	0	0	0
553	0	0	0	0	0	0	1	1	1	1	1	0	0	0	0	0	0	1	0	2	2
554	2	2	0	0	0	0	0	2	0	2	2	2	2
555	2	1	2	2	2
556	0	0	2	0	2	0	1
557	0	0	0	0	2	1	1	2
558	1	0	1	1	2	0	2	2
559	0	0	2	2	0	0	0	0
560	1	1	1	1	1	1	1	1
561	0	1	0	2	2	2	0	2	0	2	0	2	0	2	2	2	0	1	0
562	1	1	0	1	0	0	0	1	0	1	1	0
563	0	0	0	0	1	1	0	1	1
564	1	1	1	1	0	0	2	0	0	2	1
565	0	0	0	0	1
566	2	1
567	2
568	2	0	0	0	2	2	1	0	2	2	2	2
569	2	0	0	2
570	2	0	1	0
571	0	2	2	0	0	0	0	0	0	0	1	2	0	2	1	2
572	2	2	2	2	2	2	2	2	2	0	2	0	0	0	0	2	0	2	2
573	0	1	0	1	0	1	1	1	2	1	2
574	0	0	2	0	2	2	0	2	1	2	0	2	0	2	2	2	2	1	2	2
575	0	0	0	0
576	2	0	2	0	0	0	0	1	0	0	2
577	0	0	0	0	0	1	0	1
578	0	2	0	1	2	1	2	0	2	1
579	1	1
580	0	0
581	0
582	0
583	0	2	0	0	2	2	2	2	0	0
584	1	0	1	0	0	0	2	1	1	2
585	2	2	2	2	2	0	2	1	0	1	2	2	2
586	0
587	1	1	1	1	1	1
588	2	2	0	0	0	2	0
589	0	1	1	0	1	2	0	2	1	1	2
590	1	1	2	2	1	2	0	2	2	1	0	2	0	0	0	2	0	0
591	0	0	0	0
592	0	2	2	2	0	0	0	0	0	2	2	0	2	2
593	0	0	1	2	2	2	2	2	2	2	2
594	2	2	2	2	0	2	2	2	1	0	1
595	2	0	2	2	2	2	2
596	2	0	0	0	0	2	2	0	2	0	2	2	0	0	0	2	2	0	0	2	2	2
597	1	1	2	1	0	0	1	0	1	0	0	0
598	1	1	2	0	0
599	1	0	2	0	2	2	1	1	0	1	2	0	0	0	1	1	0	0
600	0	1
601	1	0	1	1	1	1
602	1	1	1	1	1	0
603	0	0	1	1	1	0	0	1	0	1	1	0	0	0
604	1	1	1	0	1	0	0	0	1	0	2	0	0	0
605	0	2	0	1	1	1	2	0	0
606	1	1	0	1	1	1	0	0	0	0	0	2
607	2	2	2	0	0	1	1	1	2	0	0	0	1	1	0	0
608	1	0	0	0	0	2	1	1	0	0
609	0
610	1	1	0	1	1	1	1	1
611	0	0	0	0	0	0	0	2	0	0	1	0	0	0	0
612	1	2	0	0	2	2	2	0	0	0
613	0	0	0	0	0	0	0	0	1	2	2
614	0	1	1	0	0	0	2	0	1	0	1	0	0	1	1	0	1	1	1	2	1
615	0	0	2	2	2	2	2	2	2	2	2	2	2	2	2	0	0	0	2	0	1	0	2
616	2	0	2	0	0
617	0	0	0	2	0	0	2	2	0	0	0
618	1	1
619	0	0	0	0	0	0	0	2	2
620	0
621	0	0	0	2	2	0	0	1
622	0	0	1	0	2	0	0	0	0	0	2	0	0	1	0
623	2	2	2	2	1	1	0	1	1	1	1	1	1	1	0	2	1	1	1
624	2
625	0	0	0	0	1	0	0	0	0	0	0	2	0	2	0	0	0	0	0	0
626	0	0	0	1	2	0	0	1	1	0	0	0	1	0
627	0
628	1	0	1	0	2	0	0	2	2	0	0	0	0	1
629	0	1	1	1	1	1	1	0	1	0	0	0	0	0	0	0	2	0
630	1	1	2	2	0	1	1	0	0	2	0	0	0	0	0
631	1
632	2	2	2	2	2	2	2	2	2	0	2	2	0	0	0	0	2	2
633	0	1	1	1	1	1	0	2	0	2
634	2	0	2	2	0	2	0	2	0
635	2	0	2	0	1	0	0	0	0	0
636	1	0	1	0	0	1	0
637	1	2	2	2	0	2	2	0	2	0	0	0
638	0	0	1	1	2	0	0	2	1	0	0	0	0
639	0	1	0	0	0	0	0	0	0	1	2
640	1	1	0	1	0	1	0	0	1	1	0	1	0	0	0	1	0
641	0	2
642	0	1	0	0	0
643	0	0	2	2	2	0	0
644	1	0	2	0	0	1	1	2	1	2	0
645	0	1	0	0	0	2	2	0	2	0	0	0	0	1	1	0	0
646	0	1	0	1	1	1	0	0	1	2	0	0	0	0	0	0	1	1	0	1	2	1
647	0
648	0	2	2	2	0	2	0
649	1	0	1	1	0	0	0	1	1	1	0	0	0	1	0	1	0	0	0	1	0	0	0	2
650	2	0	1	0	0	2	0	0	1
651	1	1	1	0	0	0	0	0	0	0	2	1	0
652	2	2	0	2	0	1	1	1	1	2	1	0	0	0	1	1
653	0	0	1	0	0
654	2	2	2	2	2	0	0	0	1
655	1	0	0	2	1	0	1	1	1	1	0	1	1	1	1	1
656	1
657	1	0	0	1	1	0	0	1	0	0	0	1	1	0	2	1	0	0	2	0
658	0	1	1	0	2	2	1	0	0	0	2	2	0	0	0	0	2	2	0	0	0
659	0	0	0	2	0	0	2	0	0	0	0	0	0	1	0	0	0	0	0	1
660	0	0	0	0	2	2	2	1	0	1	1	0	0	0	2	1
661	2	2	0	0	0	0	0	2	2	2
662	0	0	0	0	0	0	2
663	1	0	1	1	0	0	0	0	0	0
664	0	2	2	2	2	0	0	0	0
665	0	1	0	0	1	0	0	0	2	0	0	0	0	0	0	2	0	1	2
666	0	0	2	2	2	0	0	0	2	2	2	2	0	0	0	1	0
667	1	1	2	0	1	0	1	0	2	0
668	1	0
669	0	1	1	1	0
670	1	2	2	2	1	0	0	2	1	2	1	1	0	1	0	2
671	0	0	0	0	0	0	0	0	1	1	1	1	0	0	0	2	0	2
672	0	1	1	2	0	1	1	0	2	2	0	2	2	0	1	1
673	0	0	0	0	0	0	0	2	0	0	0	0	0	0	0	0	0	0	2	1	2
674	0	0	0	1	0	0	0	0	0
675	0	1	0	0	0	0
676	2	1	1	2	2	2	2	2	1	2	2	2	2	0	2
677	1	0	1	0
678	0	0	0	0	1	0	0	1	0	1	1	0	1	0	0	1	0	0	0
679	0	0	1	1	2	1	0	1	1	1	1	0	2	2	2	2	0
680	1	1	1	1	0	2	0	0	1	1	1	0	0	2	2
681	0	0	2	2	2	0
682	2	0	0	0	0	1	1	0	1	0	0	0	0	0	0
683	1
684	0	0	0
685	0	0
686	0	0	0	2	2	2	2	1	0	1	0	2
687	0	0	0	0	1	1	1	1
688	0
689	0	1	0	0	0	0	1	1	1	1	0	0	0	1	0
690	0	1	1	1	2	2	2	2	2	2
691	1
692	2	0
693	0	0	2	2	2	2
694	1	0	0	2
695	2	2	1	2	1	2	1
696	0	2	0	2	2	2	2	2
697	1	1	1	0	1	1	2	2
698	2	0	2	2	0	2	1	2
699	1	2	2	2	0	2	2	2	2	0	0	2	2	2	0
700	0	0	0	2	2	2	2	0	2	0	2	2	0
701	0	0
702	1	2	0
703	0	0	0	1	2	2	0
704	0	2	2	2	2
705	0	0	1	1	0	1	1	1	0
706	0	1	1	0	0	1	1	0	1	1	1
707	2	0	0	0	0	0	0	0	2	2	2	2	2	1	2	0
708	0
709	1	1
710	1
711	1
712	1	1	2	0	1	1	0	1	1	1	1	2
713	0	1	1
714	0	1	2	0	2	2
715	0
716	0	2	2	2	2	2
717	0	2	1	0	1	0	2	0	0	2	0	0	2
718	0	0	0	0	1	0	0
719	1	0	1	0	0	0	1	1
720	2	0	2	1	0	0	0	0	0	2	0	2	0	0	0	2	1	0	0
721	0
722	0	0	2	1	1	2	2	1	0	1	2	0	1	0	2	2	1
723	1	1	0	1	1	0	2	2
724	0	0	0	0	0	0
725	1	1	1	1	0	0	1
726	2	0	1	0	1	0	1	2
727	1	0	0	0	0	0	2	0	0	0
728	2	0	2	0	0	0	0	0	0	0	2	2
729	1	1
730	2	0	0	0	0	0	0	0	1	1	0	2	0	0
731	0
732	0	2
733	1	0	0	0	0	0	0	0	1	0	2	2	1
734	0	1	1
735	2	0	0	1	0	0	0	0	0	0	1	0	0	0	2	0	0	0	0	0
736	1	1	1	1	2	0	0	0	2	2	2	1	0	0
737	2	0	0	0	2	2	0	0	0
738	2	0	0	0	2	2	2	1	2
739	0	0	0	1	1	0	2	2	1	1	2	1	1	0	0
740	2	0	2	2	2	2	1	2	2	0	0	0	0	1
741	1	1	1	2	2
742	1
743	2	0	1	2	0	1
744	0	0	0	0	0	0	2	1	2	2	2	2
745	2	0	0	1	0	0	0	2	0	2	2	2
746	0
747	0	2	2	1	2	0	1	2	1	0	2	1	2	0	2	2	1	0	0
748	1
749	1	1	1	0	0	1	1	1
750	0	0	0	2	2
751	1
752	0	0	1	0	1	1	1	1	0	1	1	1
753	0	0	1
754	2	2	0	0	2
755	0	2	2	2	0	2	1	1	2	0
756	0	1	0	0	0	2	1	0	0	0
757	2	0	0	0	0	0	1	0	0	0	1
758	2	2	2	2	2	2
759	1	0	2	0	2	2	0	0	2	0	2	0	2	2	2	1
760	1	2	2	1	2
761	2	1	2	2	2	2	0	2	2	0
762	0	2	1	0	0
763	0	0	2	0	0	2	1	2	0	1	1
764	1
765	0	1
766	0	1	2	2	0	2	0
767	1	0	0	2	0	1	2	0	0	0	2	0
768	1	2	0	2	2	1	1	0	0
769	2	2	2
770	0	2	2	0	0	2	0	2	2	2	2	2	2	2	2	2	2	2
771	0	0	0	0	0	0	0	0	0	0	0	0	0	0	2	2	2	0
772	0	2	2	2	1	1	1	1	1	1	1	1	1	1	0	0
773	0	2	0
774	2	2	2	0	0	1	0	0	0	2	1
775	0	0	1	0	0	2	0	0	0	0	1	0	1	0
776	1	1	0	0	0	1	0	0
777	0	0	0	0	0	1	1	1	0	1	1	0	0	1
778	1	2	2	0	0	0	2	0	0	2	1
779	0	0
780	0	0	2	0	2	2	2	0
781	0	1
782	0	0	1	1	2	0	2	1	2	2	1	0
783	0	1	1	1	1	1	0	0	2
784	0	2
785	0	2
786	0	2	2	2
787	0	0	0	0	0	0	0	0	0	0	0
788	2	1	0	0	0
789	1	1	1	2	0	2	2	2	1	1
790	2
791	1	1	0	0	0	0	1	0	0	2	0	1	0	0	0	0	2	1	1	1	0	0
792	1	1	0	1	1	1	2	0	2	0	2	2	2	2	1	2	2	2	2	1	2
793	1	0	1	1	1	2	1	1	1	1	1
794	2	2	2	2	2	2	2	2	2	0	2
795	2	2	0	0	0	0	2	2	0
796	2	2	0	0	2	2	1	0	0	0	1	1	2	1	2	0	1	1	1	2	0
797	0	0	0	0	0	2	0	0	1	0	1	2	2	2
798	2	0	0	2	2	2	1
799	2	2	0	0	0	0	0
800	2	0
801	0	0	0	0	0	2	0	2	2
802	1	1	0	1	0
803	2	2	2	1	1	1	2
804	2	0	1	2	2	2	2	2	2	2
805	1	0	0	1	1	1	2	0
806	2	2	1	1	0	2	2	0	2	1	1	0	0	1	2	2	0	1
807	0	2
808	2	0	0	0	0	0	1	1
809	1	1	1	1	1	1	1	0	0	1	2	1	0	0	2	2
810	2	2	2	2	2	0	1	0	1	1	0	0	0	2	0	0	2	0
811	1	0	0	0	2	1	0	0	1	2	1
812	0	1	0	0	1	2	1	1	0	0	1	1	0	0
813	0	2	0	2	0	2	0	0	2	0	0
814	0	0	1	0	1
815	0	0	0	0
816	2	2	2	2	0
817	1	0	0	2	0	0	0	2	0	0	2	1	2	0	0
818	0	2	1	0	0	0	2	0
819	1	0	0	0	0	2	0	0	0	2	0	0	0	0	2	0	0	1	1
820	1	0	0	1	2	1	0	0	1	1	0	0	0	1	1	1	2	0	2	1	1	1
821	1	1	0	0	0	0	0	1	0	1	1	1	0	1	1
822	0	0	0	0	1	0	0	2	0
823	0	0	1	2	0	2	1	2	1	2	0	0	1	0	1
824	1	1
825	2	0	0
826	1	1	0	1	2
827	0	1	0	0	0	2	0	0	1	1	1	2	1	0
828	2	1	2	2	2	2	2	0	2	0	0	0	0	2	0	2
829	2	1	2
830	1	1	2	1	1	1	2	2
831	2	2	0	2	2	2	2	1
832	2	0	0	1	0	0	1	0	0	1	1	2	0	1	2	1
833	1	0	2	2	2	2	0
834	1	0	0	0	0	1	0	0	0	0	0	0	0	0	2	0
835	2	0	2	0	1	2	0	2	2	2	2	0
836	0	1	1	0	0	0	1	1	0	1	2	0	1
837	0	1	1
838	2
839	2	2	0	0	1	0	2	0	2	2	2	2	2	2
840	1	1	0	0	0	0	2	1	0	0	1	0	1	0	0	2
841	2	0	0	0	2	0	2	2	2	2	2	0	1	0	0	0	2	0	0	0	0	1	0
842	0	0	0	0	2	2	2	0	1	0	2
843	2	2	2	0	0	2	2	2	0	2	0	0	0	0	0
844	0	0	0	0	0	2	2	0	1	1	1	2	1	2	0	1	0	1	0	0	2
845	0	1	0	1	0	1	0	2	0	1	1	1
846	0	0	0	0	0
847	1	1	1	1	1	1
848	0	0	0	2	2	2	2	2	2	2	0	2
849	1	1	1	0	1	1	1	2	0	0	2	1
850	1	0	0	0	1	0	1
851	0	2	0	0	0	1	0	0	0	0	1	0	0	1	0	0	0	0	1	0	0
852	0	0	2	0	2	0	0	2	2
853	0	2	2	2	2	1	0	2	2	2	2	2	2	1	2
854	2	0	2	2	0	0
855	1	2	0	1	1	2	2	2
856	0	0	2	2	1
857	2	0	0	0	0	0	0	0	0	0	0	1
858	1	2	0	0	1	0	0	0	0	0	1	0	0	0
859	1	0	1	0
860	1	0	2	0	0	0	0	0	0	2	0	2	0	1	1	2
861	2	2	2	2	1	2	0	0	2	0	0	2	0	1	2	1	1	1	0
862	0	2	2	0
863	0	0	0	0	1	0	0	2
864	0	0	0	1	2
865	0	2	0	2	2	1	0
866	2	0	1	0	0	0	0	1	1	2	2
867	0	2	2	2	1	1	0	2
868	2	0	0	0
869	1	2	2	2	0	2	0	0	2	2	2	2	2	2	1	2	2	0
870	0	0	0	0	0	0	0	0
871	0	2	0	0	0	0	0	0	0	0	2
872	2	2	1	1	0	0	0	0	0	0
873	0	0	1	0	2	2
874	2	2	2	2	2	2	2	2	2	0	2	2	2	2	0	0
875	0	1	0	1	2	2	2	1	2	0	0
876	2	2	2
877	1	1	1	1	1
878	1	0	0	0
879	0	0	0
880	1	0	1
881	1
882	0
883	0	0	0	0	0	0	0	0
884	0	1	1	1	0	1	0	2	2	2	2	2	2	2	0	2	0	0
885	1	0	0	2	2
886	1	1	0	0	0	1	0	1	1	1	1	1	2	0	0	2	2	1	0	0	0
887	0	2	0	2	0	2	2	1	1	2	0	2	0	0
888	2	2	2	2	0	0	1	0	0	0	0	0	0	0	1	0	1	2	1	1
889	0	0	0	0	0	1
890	0	0	0	0	2
891	1	0	1	2	1	1	1
892	0	0	0	0	0	0	1	0	0	0	2	2	0	0	1	1	2
893	0	2	2	1	1	0	0	0	0	2	1	0	1	1	1	1	1	1
894	1
895	2	0	2	2	0	0	0	0	2	2	0
896	0	2	2	0	2	0
897	2	0	2	0	0	0	0	1	0	2	0
898	1	1	1	0	2
899	0	0
900	0	0	0	0	1	0	0	1	1	0	0	1	1	0	0	0
901	2	0	0	2	2	2	0	0	0	2	2	2	0	2	2	2	0	2
902	2	1	1	0	0	2	0	0	0	1	1	1	1	1	1	2	1
903	0	1	2
904	0	0	2	2	2	1	1	2
905	2	0	2	2	1	0	0	0	1	2	0	1	1	1	1	2	1
906	0	0	0	0	2	1
907	0	2	0	2	2	2	2	2	2	2	0	2	2	0
908	2	0	1	0	1	0	1	2	0	0	0	0	1	2	2	2	2
909	1	0	0	0	0	0	0	0	0
910	0	0	1	1	0	1	1	1	1	0	2	0	1	1	1
911	1	2	2	0	0	2
912	2	2	2	2	2	0	0	0
913	2	0	2	2	0	0	0	0	1	0	0	1	1	0	0
914	1	0	0
915	0	0	0	2	2	0	0	2	0	2
916	1	0	1	1	0	0	1	0	1	0	1	0	2	2
917	0	1	1	2	2	1
918	0	0	0	0	2	2	0	2	2	2	2	2	0
919	2	0
920	2	2	0	1	0
921	2	2	2	2	2	2	2	2	2	2	2
922	1	0	0	2	0	1	0	0	0
923	0	2	2	1	2	2	1	0	1	2	2	0	2	1
924	1	1	0	0	0	2	2
925	0	0	0	0	0	1	0	1	0
926	0	2	2	0	2	2	0	0	0	0	1	0	0	1	1	0	0	1
927	0	0	2	0	2
928	2	0	0	1	2	0
929	1	2	0	0	0	0
930	1	0	0	0	0	0	0	0	0	1	0	0	0	2	0	2
931	1	2	2
932	1	2	1	1	2	2	2	2	2	0	2	0	1	0	0	0	0
933	1	1	0	0	1	0	0	0	0	0	2	2	2	0	2	2	2	0	0	0
934	0	0	0	0	2
935	0	0	2	0	2	0	0	2	2	1	1	0	1	0
936	0	2	0	2	0	0	2	2	2	0	2	2	2	1	2	2	2	2	2	2	2	1
937	0	0	0	0	0	0	0
938	0	2	2	1	1	0	0	1	2	0
939	2	0	0	2	1	1	1	1	2	2	0	2	1	2	1	0	1	1	0	0	0
940	2	0	1	0	0	0	1	0	0
941	0	0	2	0	0	0	0	0	0	0	0	0	0	1	1
942	0	2	0	2	0	2	0	0	0
943	0	2	0	0	1	0
944	0	2
945	2	2	2	1	2	2	2	2	2	0	1	1	0	1	0	0
946	0	2	0	1	0	0	1	2	1	2	0	2	1	2	1	1	2
947	0	2	0	1	2	1	2	1	0	0	0	0	0	0	0	1
948	0	0	0	1	1	1	1	1	1	1	1	0	0	0	0	0
949	2	0	1	1	0	0	2	0	0	0	1	0	0
950	2	2	2	2	2	2	1	2	1	1	1	1	1	1	1	1	0	0
951	2	2
952	0	0	1	0	0	2	0
953	0	0	0	0	2	0	2	2	0	0	2	2	2	0	1	1	1	0	0	0	2	0	0
954	1	0	0	0	2	2
955	1	2	2	2	0	2	2
956	1	0	2	0	2	0	0	0	0	0	0	0	0	0	0	2	0
957	2	2
958	2
959	0	2	0	0	1	0	0	0	0	1
960	2	0	0	2	2	2	2	2	0	2	0
961	0	2	0	2	2	2	2	0	2	1	2	0	0	0	2
962	1	0	1	1	1	0
963	2	2	2	2	2	0	2	0	2	2
964	0	1	1	0	2	0	2	2	2	2	2	2	2	0	0	2	2	0
965	2	0	1	1	0	0	1
966	1	2	0	1	1	1	0	0
967	1	1	1	1	1	0	1	1	2	2
968	0	1	2	1	1	0	0	1
969	2	0	0	1	0	1	0
970	0
971	0	2	2
972	0	0	1	0	0	0	1	2	1	1	2	0
973	0	0	0	0	1	2	2	0	0	0	0	2	1	2	0	0	1	0	2
974	0	0
975	0	0	0	1	0	0	0
976	1	0	0	0	0	0	0	0	2	2	2	0	2
977	2	0	1	2	2	1	2	0	0	0	2	1	1	1	0
978	1	1	0	1	1	0	2	0	2	0	1
979	1	1	1	1	1	0	0
980	0	0	0	2	2	2	0	0	0	0	2	2
981	0	2	2	2	2
982	0	0	0	1	1	0	0	2	0	1	1
983	2	0	2	2	2	2	2	2
984	1	0	0	0	0	1
985	2	0	2	2	2
986	1	1	1	1	1	0	0	0	0	0	0	0	1	0	0	0	1
987	0
988	0	2	2	2	2	0	2	0
989	1	0	2	2	2	0	0	0	2	2	2	2
990	0	0	0	0	0	0	2	0	0	0	0	0	0	0	0	0	1	0	0	2
991	0	0	0	0	0	0	0	1	1	0	0	1	0	1	1
992	0	0	0	1	0	0	0	0	2	2	2	0	0	0	2	2
993	1	1	0	0
994	2	0	2	2	0	0	2
995	2	0
996	2	0	1	2	2	0	2	2	2	2	2	2	0	2	0	2	2	2	2	2	2
997	0	0	1	2	0	2	0	2	1	2
998	1	0	2
999	0	0	0	1	0
1000	2	2	2	0
1001	0	0	0	1	2	1	1	1	0	0	1	0
1002	0	1	1	0	1	1
1003	0	0	0	0	0	0	1	2
1004	0	1	0
1005	0	1	1	0	0	0	2	0	0	0	1	2	0	2	2	0	2	0	1	0	2	2
1006	2	1	2	0	0	0
1007	0	2	2	2	1	2	2	2	2	0	2	2	2	2	2	0
1008	2	2	1	0	0	0	0	0	2	0
1009	2	0	1	0	0	0	1	2	2	1	1	1	2	1	0	0	1	1	2
1010	0	0	1	2	2	2	0	1	0	2	0	1
1011	1	0	1	0	0	2	0	0	0	0	0	2	0
1012	0	1	1	1	1	2	2	2	2	2	2	1
1013	0	2	0	2
1014	0	0	0	1	0
1015	0	0	1	0	0	0	1	0	0	0
1016	2	2	2	2	1	1	0	1	2	2	1	2	1	0	2	0	2	0	2	2	0	0
1017	2	2	2	2	2	2	0	2	2	2	1	1	0	1
1018	1	2	0	2	2	0	2	2	2	0	2	2	2	2	2	2	2
1019	0	0	0	0	0	2	0	2	0	2	2	0	0	0	0	0	0
1020	0	1	1	0	0	1	0
1021	0	0	0	2	2	2	0
1022	0	0	0	1	0	1	2	0	2	1	2	2	2	0	2	1
1023	1	0	0	2	2	0	2	2
1024	1	1	0	0	1	0	0	0	0	0	0	1	0	1	0	2
1025	2	2	2	2	2	2	0	2	2	2	2	2	0	1	2	2	0	0
1026	1	1	1	0	2	2	2	1	1	1	1	2	2	2	2	2
1027	0	2	2	2	1	2	2
1028	0	0	0	0	0	1
1029	2	0	1	1	1	1	1	1	0	0	0	0	0	0	1
1030	0	2	2	2	2	0
1031	0	0	1	1
1032	0	0	0	0	0	0	0	1	1	0	0	0
1033	0	0	1	2
1034	0	1	1
1035	2	0	2	0	0	2	1
1036	1	2	2	2	1	0	2	0	2	0	2	0	0	0	0	2	0	0	0	0	2
1037	0	0	0
1038	0	1	0	0	2	2	0	2	2	0	0	2	2	0	0	1	0	1
