20180808-024552_152_live	8	0	6	9	0	8	9	0	8	3	3	0	0	8	9	9	9	0	3	3	10	8	0	8	5	0	0	8	1	8	0	9	9	0	1	1	1	1	1	8	0	0	8
20180825-053544_897_live	8	8	0	0	8	7	9	0	0	9	0	8	4	0	0	8	8	3	0	8	3	3	0	0	8	3	0	8	8	8	0	8	8	8	0	8	8	0
20180826-054344_65_live	8	0	9	9	0	8	0	8	8	8	8	0	8	8	0	8	0	7	0	7	0	8	1	1	0	8	0
20180826-061846_932_live	8	0	8	6	0	0	8	8	9	0	0	8	0	8	9	9	0	0	8	3	3	0	0	0	0	8	3	8	0	8	0	0	0	0	0	0	0	0	8	8	8	8	0	8
20180827-030633_256_live	8	0	6	0	9	0	4	0	8	0	8	0	8	0	8	0	8	0	8	0
20180826-070022_438_live	8	6	0	8	9	0	8	3	0	0	3	0	7	0	1	0	9	0	8	3	0	0	8	0	8	0
20180723-091508_49_live	8	0	8	0	8	0	0	0	9	0	7	9	9	0	8	8	8	0	8	8	0	0	8	8	0	8	8	8	0	0	0	8	8	0	0
20180808-032124_114_live	8	0	0	9	9	0	0	0	0	9	9	0	3	9	3	0	1	0	1	0	0	3	1	3	0	0	3	3	0	1	1	1	1	0	0	8	0	0	0
20180826-054028_444_live	8	8	0	0	0	8	8	4	0	0	0	0	8	8	9	3	8	5	0	0	8	8	8	8	8	0	0	0	0	2	8	1	8	0	8	10	0	0	0	8	3	6	0	0	0	2	7	0	0	0	9	9	9	0	0	0	8	8	8	7	0	0	0
20180723-103902_895_live	9	4	0	0	9	0	9	0	0	9	0	8	3	0	9	9	0	8	9	9	9	0	0	8	0	8	8	0	8	8	0	0	0	8	8	8
20180824-022709_450_live	8	0	3	0	0	8	8	0	0	0	0	8	0	0	8	0	8	0	8	0	8	0	8	8	0	0	8	0
20180826-174120_426_live	9	0	0	9	0	0	8	9	0	0	3	3	3	0	9	1	1	1	0	9	8	0	8	0	8	0	8	1	0	10	0	8	8	0
20180827-004037_444_live	8	0	4	0	8	4	0	8	4	0	8	4	0	8	4	0	0	8	8	0	8	0	8	8	0	8	0	0
20180826-062755_702_live	8	8	0	8	8	0	8	8	0	8	6	0	8	8	1	5	8	0	8	8	7	0	2	8	2	7	0	2	2	4	0	2	2	7	0	8	8	0
20180904-043300_214_live	8	8	0	0	0	8	0	0	8	6	0	0	0	9	0	8	5	0	0	0	0	9	0	0	0	9	8	0	8	0	0	0	0	8	0	8	0	0
20180824-130121_505_live	8	0	8	0	0	8	0	6	0	0	0	0	8	0	0	8	0	0	0	0	0	8	8	0	0	0	8	0	0	0	8	0
20180827-034916_910_live	8	8	0	8	4	0	8	8	8	4	0	0	8	1	8	0	9	9	5	8	0	9	9	8	0	2	2	9	2	0	0	8	8	1	9	8	0	8	8	8	7	0	0	1	7	0
20180719-122534_38_live	8	0	9	9	9	9	0	9	0	8	8	0	9	9	0	0	0	0	0	0	0	9	0	8	0	8	0
20180826-190151_488_live	8	8	0	0	8	6	0	0	1	0	0	10	8	0	9	0	0	0	9	8	0	0	8	8	8	0	8	8	0	0	4	0	0	8	2	2	0	0
20180827-024612_480_live	8	0	7	0	7	0	9	0	9	0	9	0	4	0	8	0	9	0	8	0
20180825-125810_869_live	8	8	0	9	0	9	9	0	9	0	0	0	0	0	5	0	9	9	0	0	0	0	0	0	0	0	0	0	8	0	0	0
20180827-033057_106_live	8	0	0	8	8	0	0	0	0	0	0	10	6	0	0	0	0	0	0	0	8	9	0	0	0	0	0	8	8	1	0	0	0	0	0	8	2	0	0	0	0	8	2	8	8	0	0	0	0	0	0	8	2	0	8	3	1	0	0	0	0	8	8	8	0	0	0	8	0	0	8
20180825-043341_782_live	8	0	0	0	8	0	8	0	0	0	0	9	0	9	0	9	0	3	0	3	0
20180723-094242_630_live	8	0	0	8	6	0	0	8	9	0	9	9	0	0	0	0	0	0	3	9	0	9	0	0	9	0	3	3	0	0	5	0	0
20180827-021816_456_live	6	0	0	9	1	0	0	8	8	1	0	8	8	9	9	9	0	0	0	1	0	0	8	0	0	0	8	0	7	0	3	9	0	8	1	9	0	0	8	0
20180825-054948_621_live	8	0	0	8	9	9	6	0	0	8	1	0	9	9	9	0	0	0	2	2	4	0	0	8	5	5	8	0	0	0	1	1	1	2	4	0	0	0	0	8	0	0	0	0	0	8	8	0
20180903-132332_521_live	8	8	0	8	8	6	0	0	9	0	3	3	3	0	8	3	1	5	0	8	8	8	5	0	0	5	0	8	0	8	0	8	8	8	0	0
20180825-111850_152_live	8	0	8	9	6	0	9	9	0	0	0	9	9	0	9	4	2	2	0	0	8	1	1	1	0	0	10	8	0	0	0	5	8	8	0	1	1	1	0	8	10	0	0	0	0	8	8
20180808-022005_838_live	8	0	0	8	7	0	0	8	9	0	0	0	9	9	0	8	0	0	0	0	0	8	8	5	0	0	8	8	0	0	0	0	0	0	0	8	0	0	0	8	0	8	0
20180826-220838_141_live	8	0	6	0	9	0	8	0	0	0	9	9	0	0	0	8	9	0	3	3	0	8	8	0	8
20180904-004818_580_live	6	0	9	0	8	9	9	0	0	9	9	9	0	0	9	0	8	9	8	0	0	8	1	9	9	1	1	0	0	0	8	2	9	9	1	0	0	8	1	1	4	0	0	0	8	8	8	0	0	1	0	8	8	9	8
20180829-084042_694_live	8	0	8	0	8	0	0	8	8	1	4	1	8	0	0	7	8	0	8	8	8	8	8	0	0	0	8	0	8	0	0	8	8	0	0	8	0	0
20180808-021732_428_live	8	0	8	0	0	8	0	0	10	6	0	3	3	0	3	0	0	8	8	0	8	8	0	0	8	8	8	0	0	8	1	5	0
20180826-040651_411_live	8	0	6	0	8	0	9	9	0	8	8	0	8	0	8	0	8	3	3	0	8	8	0	8	0	0	0	8
20180827-050740_909_live	8	8	0	0	8	9	8	0	0	8	6	0	0	9	0	1	1	1	0	0	8	5	0	0	1	1	1	0	0	8	1	1	0	0	1	1	0	1	8	0	0
20180824-120504_474_live	9	7	1	0	0	9	9	0	8	0	0	3	0	5	0	0	8	8	3	0	10	0	1	0	1	1	0	8	0
20180825-064038_102_live	8	0	8	0	9	9	6	0	0	8	9	8	0	8	8	8	0	8	8	0	3	3	0	8	9	0	8	8	8	0	10	8	8	8	0
20180808-074917_388_live	8	0	8	6	0	0	8	9	10	0	0	8	8	9	9	0	9	9	0	9	9	0	8	9	0	10	0	10	0	4	0	0	8	5	0	0	0	0	8	8
20180808-064649_236_live	8	0	8	0	0	0	6	0	0	9	0	0	0	0	10	0	9	0	0	0	8	0	8	0	0	0	8	0	9	0	0
20180903-134122_237_live	8	3	0	9	8	0	0	9	9	0	0	8	8	9	8	0	0	9	8	0	0	0	8	0	9	0	8	8	0	0	0	0	0	0	8	1	0	0
20180826-180314_928_live	8	8	0	0	8	8	8	8	8	0	0	0	0	8	8	5	10	5	8	4	0	0	0	8	2	2	2	2	8	6	0	0	8	9	9	3	5	0	0	10	8	0	0	8	1	1	1	1	8	0	8	8	8	0	0	10	0	8	8	8	0	8	8	8	0
20180723-082451_335_live	8	0	0	0	8	6	0	0	8	9	0	8	5	1	0	9	0	0	8	9	9	0	0	8	9	0	0	8	2	0	0	0	8	8	0	8	8	0	0
20180719-181845_211_live	8	8	0	0	8	8	0	0	4	8	10	4	4	0	0	6	2	10	0	0	2	2	2	2	0	0	0	2	2	0	0	0	0	8	8	0	0	0	0	8	8	0	0	10	0	0	2	8	0	0	0	8
20180826-033211_245_live	8	0	8	9	0	0	1	10	8	0	0	0	1	7	0	0	0	8	0	0	0	0	0	0	0	7	10	10	10	3	0	8	8	0	0	8	2	0	0	8	7	0	8	8	8	8
20180826-043247_456_live	8	8	0	0	0	6	0	0	0	8	9	9	0	0	8	9	8	0	0	0	0	8	9	9	0	0	8	8	0	0	8	0	8	0	0	9	9	3	3	0	0	0	0	0	0	0	8	8	8	0	0	0	0	0	8	8	1	8	8	8	8	0	0	8	8
20180825-060648_863_live	0	0	0	8	8	9	0	0	0	0	0	8	3	3	0	0	9	9	0	0	1	1	0	0	0	0	0	0	0	8	9	9	9	0	0	0	1	1	8	0	8	0	8	8	0	0	0
20180902-222227_892_live	8	0	0	8	6	6	0	8	7	0	7	8	0	9	9	0	0	8	3	0	3	10	0	0	0	0	0	0	7	0	8	7	0	8	8	8	0
20180904-032932_423_live	8	8	0	9	9	0	9	0	9	9	0	9	0	9	9	3	0	0	8	5	5	0	8	3	3	0	0	9	9	8	0	0	0	0	0	0	8	8
20180826-175426_937_live	8	0	10	0	8	0	0	10	0	2	0	0	8	0	0	0	10	0	0	4	0	0	8	0	8	0
20180904-073734_888_live	8	0	8	7	0	9	0	0	8	8	0	0	0	0	0	8	0	8	0	0	0	8	0
20180723-031022_254_live	8	0	8	0	9	0	8	9	0	8	9	9	0	0	8	9	9	0	0	8	0	0	0	8	0	0	8	0	8	0
20180902-220100_244_live	8	0	8	6	6	0	8	9	0	0	8	9	0	8	5	5	0	0	8	9	9	0	8	0	8	0	8	0	0	8	0	8	8
20180723-080158_200_live	8	0	8	7	0	0	3	3	3	0	0	4	4	0	0	3	3	3	3	0	0	3	0	1	1	6	0	0	9	0	0	8	0	0	0	0	8	0
20180826-175706_443_live	6	0	0	9	9	0	0	8	0	0	3	3	0	0	0	9	0	0	9	9	0	0	9	0	0	0	3	3	0	10	0	0	8	0	0	0
20180826-065245_39_live	8	0	0	8	7	0	0	8	8	4	0	0	8	3	3	3	0	0	0	6	8	6	0	0	9	9	9	0	0	8	8	8	0	0	0	8	1	8	0	8	2	2	1	0	0	0	1	1	8	0	0
20180808-011341_389_live	8	8	0	10	3	0	8	3	3	0	8	3	0	0	8	1	1	6	0	0	0	5	8	8	10	0	5	10	8	0	0	0	0	8	1	3	3	0	8	8	10	0	8	8	0	8	0	8	8	0	8	8	0	8	8	0
20180826-181742_58_live	4	0	6	0	9	0	0	4	0	8	0	10	8	0	0	8	0	8	0	9	0	0	0	8	0
20180808-011921_673_live	8	0	6	0	0	9	7	0	0	5	10	0	0	0	9	0	0	0	9	9	0	0	0	8	8	0	0	0	0	10	1	0	0	1	1	1	0	8	8	0
20180825-064811_939_live	6	6	0	9	9	0	8	0	9	8	0	1	0	0	8	3	0	3	3	0	9	0	1	0	8	0
20180825-044613_233_live	8	4	0	0	8	7	0	0	0	8	6	0	9	9	0	9	9	9	0	9	9	0	0	8	7	0	0	8	1	8	0	0	0	0	0	10	8	8	0	0	0	8	8	8
20180719-210146_172_live	8	8	0	8	8	7	0	0	0	8	8	0	0	0	8	0	0	8	7	0	8	8	9	0	8	0	8	8	1	0	8	0	0	8	7	0	0
20180825-063117_677_live	8	0	0	0	0	0	0	0	0	8	0	8	8	10	0	8	8	3	0	8	0	8	8	0	0	9	9	0	9	9	0
20180808-065307_529_live	8	0	0	8	0	0	6	9	0	9	1	9	0	9	0	0	9	9	0	0	9	0	8	0	8	3	0	0	8	8	0
20180723-034109_263_live	8	0	6	0	9	3	0	0	0	0	0	0	8	0	8	1	0	8	7	0	9	0	0	4	0	8	0	0
20180808-075816_12_live	6	0	9	0	0	0	10	10	3	3	3	0	0	8	2	2	2	0	0	0	8	1	1	1	0	0	0	2	2	2	0	0	0	8	10	8	0	0	8	0	0	0	0	0	8	0	0	8	8	8	8	8	0	0	8
20180827-041028_432_live	8	8	0	0	8	8	0	8	6	0	9	5	8	0	0	8	1	7	0	9	9	3	4	0	1	1	7	0	8	8	0	8	9	9	9	7	0	8	3	8	0
20180904-012448_306_live	6	6	0	0	9	9	0	1	0	0	9	0	9	0	9	0	0	9	0	0	0	0	0	8	0	8	1	0	8	0
20180825-065106_23_live	8	0	0	8	0	0	0	1	0	9	0	0	9	0	0	8	8	0	3	3	1	0	0	8	8	0	8	8	0	8	0
20180723-042226_724_live	8	8	0	8	4	0	4	0	10	6	0	0	9	9	9	0	0	0	8	5	8	0	0	0	0	0	0	5	5	0	0	2	0	0	0	0	5	8	0	0	0	0	9	0	0	0	8	0	8	8	0
20180808-032545_201_live	8	0	0	4	0	0	9	0	0	9	9	0	0	0	8	0	0	9	0	0	9	0	0	8	0	0	0	0	0	0	0	0
20180825-042845_49_live	6	0	0	9	0	9	9	3	3	0	9	9	0	10	0	0	0	0	0	5	0	10	0	0	10	0	0	5	8	8	0	0	0
20180825-044358_663_live	9	0	0	9	3	8	0	9	9	9	0	10	3	0	8	8	8	0	3	3	0	1	1	8	0	0	8	0	0	8	8	0	8	8	0
20180826-180631_700_live	8	0	0	0	8	6	0	0	9	0	0	8	1	0	9	0	0	0	0	0	8	4	0	0	8	8	0	0	8	8	0	0	8	8	0	0	0
20180826-052222_969_live	8	0	8	0	0	8	8	0	0	0	9	0	0	3	3	0	0	1	0	0	9	0	0	0	8	8	0	0	8	0	9	0	0
20180719-120436_413_live	8	0	6	0	0	9	0	1	1	1	1	0	8	3	3	0	8	1	1	1	0	8	8	5	0	0	8	8	0	8	8	0	0	8	8	0
20180904-025026_901_live	8	8	8	0	0	8	6	0	0	9	9	0	8	9	3	0	0	0	8	5	0	0	8	9	9	0	0	8	9	8	0	0	8	0	0	0	0	8	8	0	0	8	0
20180904-012828_299_live	8	0	8	0	7	0	4	0	4	0	8	6	0	9	6	0	0	9	0	1	3	8	0	5	0
20180825-090446_585_live	8	7	0	8	9	5	7	0	9	9	0	8	7	7	0	8	8	8	8	8	0	8	8	7	0	8	7	0	8	7	0	8	8	8	0	8	1	8	0
20180826-061500_476_live	8	0	9	0	5	0	0	9	0	0	9	0	9	0	9	0	9	0	9	0	0	0	0	0	8
20180827-034056_964_live	8	8	0	9	0	1	7	0	0	0	4	0	0	8	3	0	3	0	8	3	1	0	0	1	8	0	3	3	0	8	0
20180825-050306_247_live	8	0	8	0	8	6	0	0	0	10	0	3	3	4	0	0	0	2	2	8	0	0	8	9	8	0	0	0	8	8	0	8	8	0
20180723-040634_575_live	8	9	0	4	0	9	0	9	0	10	0	8	0	0	0	9	0	8	0	9	10	0	0	0	0
20180723-073352_280_live	4	4	0	8	8	0	0	9	0	9	9	0	1	1	0	0	8	5	0	8	5	5	5	0	0	1	1	0	8	8	0	0	8	8	0	8	8
20180826-181903_395_live	4	0	9	9	6	0	0	0	3	3	8	0	0	8	8	0	0	0	0	0	8	0	8	0	8	9	0	0	8	0	8	0	0	0	8	0	0
20180825-062219_874_live	8	0	8	0	0	6	0	0	9	0	0	3	0	0	1	0	0	8	0	0	0	5	0	8	0	0	8	0	0
20180826-181020_331_live	8	8	0	4	0	8	6	0	8	0	8	8	8	0	8	0	8	1	0	3	3	3	0	0	0	8	0	8	0	0	0	8
20180826-060201_521_live	6	0	9	0	9	3	0	1	0	0	1	0	0	9	9	0	3	9	0	9	0	9	8	0	8	8	0	8	0
20180808-064212_144_live	8	0	9	0	9	0	9	0	2	0	0	2	0	5	0	1	0	8	8	0	0	8	0	0
20180808-043445_804_live	8	0	8	4	0	0	9	0	2	6	0	0	2	2	2	0	0	9	9	2	0	0	9	9	0	0	0	2	2	0	0	0	8	8	10	0	0	8	0	8	8	8	0
20180723-034654_121_live	8	0	4	0	0	0	10	6	0	0	9	0	0	8	0	0	7	0	3	0	0	1	8	0	0	0	0	8	8	0	8
20180826-180554_582_live	8	0	8	9	0	1	0	3	3	0	9	0	3	3	3	3	0	8	0	8	0	8	8	0	9	0	8	8	8	8
20180828-151914_101_live	8	0	1	0	8	0	8	0	0	9	0	8	0	0	0	8	0	0	0	3	0	0	1	0
20180825-075451_984_live	8	0	9	9	0	9	0	3	10	0	0	0	0	9	0	0	0	0	0	10	0	0	8	0	8	0	8
20180723-025150_733_live	8	8	0	8	4	0	8	4	0	8	6	0	0	9	0	9	0	4	0	0	8	0	0	0	0	0	0
20180717-200206_41_live	6	0	0	9	0	8	5	0	7	0	5	0	5	0	4	4	0	3	0	0	5	5	0	8	0	8	0
20180825-081402_621_live	8	0	0	8	7	0	0	0	0	0	0	0	0	9	0	0	0	8	8	9	0	0	0	8	8	0	0	0	0	0	8	0
20180825-045559_409_live	8	0	4	0	4	0	8	0	8	0	9	0	9	9	0	9	9	0	8	10	0	7	0
20180826-184708_183_live	8	0	8	0	9	0	9	0	9	3	0	9	8	0	8	0	9	8	0	0	0	8	8	0	0	0	8	0
20180826-174933_275_live	8	0	4	0	0	8	0	0	8	8	8	0	0	0	0	8	6	0	0	9	0	0	0	0	0	8	0	10	0	0	0	8	0	0	8	8	0	0	0
20180903-103835_253_live	8	0	6	0	0	7	0	0	0	0	9	0	0	0	9	9	0	0	0	9	0	0	9	0	1	0	0	0	8	3	3	0	0	0	1	1	0	0	0
20180903-094545_472_live	8	0	0	8	9	0	3	8	0	9	0	8	1	0	0	0	0	8	3	3	3	3	0	0	9	8	8	0	0	0	0	8	9	0	0	8	0	8
20180825-100043_534_live	8	0	8	0	0	0	8	0	9	0	3	3	0	0	9	0	9	0	0	9	0	9	0	0	0	8
20180825-112434_860_live	6	0	0	9	9	9	0	0	9	7	0	0	9	9	8	0	0	9	8	8	0	0	9	9	1	0	5	8	0	8	1	8	0	0	8	1	8	7	0	0	0	0	8	1	0
20180808-022730_384_live	8	0	3	0	0	8	3	0	8	7	7	0	9	9	0	0	9	0	1	0	8	10	10	0	0	8	0	0	8	0	8	5	5	1	7
20180826-054232_684_live	8	8	0	8	1	1	0	0	8	0	0	5	8	0	0	8	8	3	3	3	0	0	0	1	1	1	0	0	0	8	0	8	0	0	0	8	8	8	0	0	8	0	0
20180825-075844_569_live	6	0	8	9	8	9	9	0	0	0	8	4	0	0	8	0	0	2	1	10	8	0	0	0	0	8	8	8	8	8	0	0	8	8	8	0	8	0	0	8	8	8	0	0	8	8	8	0	0	0	0	8	8
20180723-121545_265_live	8	0	9	9	0	0	9	3	3	3	0	0	9	9	9	0	0	8	8	0	0	0	0	5	0	8	8	0	9	8	0	0	9	0	0	8	8	0	0	2
20180826-175233_4_live	8	8	0	0	8	4	0	4	0	0	8	5	0	0	8	1	0	8	9	0	0	9	0	0	9	0	0	0	8	8	0
20180826-073858_133_live	8	0	0	10	0	0	8	0	0	3	0	0	0	1	0	10	0	0	5	0	8	0	0	10	0	0	8	0	8
20180825-091558_618_live	4	0	6	0	9	0	9	0	0	8	0	0	0	4	0	4	0	0	4	0	8	0	0	8
20180828-165639_960_live	8	0	8	0	6	0	7	0	8	0	9	0	8	0	8	0	0	0	0	8	0
20180824-120314_637_live	8	0	0	8	6	0	4	0	0	8	8	0	0	9	0	0	0	0	0	8	0	0	8	8	0	0	8	8	0
20180826-013036_595_live	8	0	0	9	9	0	7	0	3	5	0	0	9	0	9	0	0	9	0	8	8	0	0	0	0	8	0	0	0	8	8	8	0	8
20180826-182522_887_live	8	8	0	0	6	6	0	0	9	8	9	9	0	9	0	0	8	3	3	3	0	0	8	5	8	0	0	8	0	0	8	0	8	8	8	0	0	0	8	8	8	0	0	8	0	0
20180826-011431_343_live	4	0	4	0	8	10	0	4	0	8	8	8	0	8	8	8	0	8	0	0	0	8	8	0	8	0	9	8	0
20180825-075913_208_live	8	0	0	9	0	0	9	9	0	0	8	9	0	0	9	8	0	0	0	0	0	0	8	8	0	0	0	8	8	8	0	8	8	0	0	0	9	9	8	8	8	0	0	0	0	0	0	0
20180808-020257_457_live	8	0	4	0	8	6	0	9	9	0	9	9	0	0	0	5	3	0	0	8	3	8	0	8	8	8	5	0	0	5	3	0	8	8	8	8	8	0	0	0
20180826-194841_403_live	8	8	0	0	8	8	6	0	0	8	9	0	0	8	9	4	0	0	0	8	1	3	3	0	0	3	3	0	0	0	0	3	3	0	0	1	8	0	0	8	8	0	0	0	8	8	8	8	9	0	0	0	8	8	8	8	0	0	0
20180903-165804_344_live	8	0	8	8	6	0	9	9	0	0	1	0	1	0	1	1	0	1	10	0	0	0	0	5	0	0	0	8	1	1	8	0	0	1	5
20180826-063853_537_live	8	0	8	0	8	0	8	6	0	9	0	8	8	0	8	0	8	8	8	0	0	8	8	0	0	8	0	0
20180825-085214_779_live	8	8	0	8	8	0	8	9	0	9	0	1	0	1	7	0	4	0	7	0	8	8	0	8	8	0
20180826-064412_288_live	8	8	0	8	9	0	8	0	8	5	0	0	0	8	0	5	0	0	4	0	0	0	8	8	0	8	8	8	0	5	5	0
20180825-073629_433_live	6	0	0	9	9	0	0	9	0	9	9	0	0	1	5	0	0	0	0	0	0	0	8	0	0	8	0	0	0	8	0	0
20180826-181249_805_live	8	9	0	3	3	5	0	4	4	0	0	1	1	0	0	0	0	0	0	8	0	0	0	4	0	8	0
20180723-072435_196_live	8	0	8	8	7	0	0	6	0	9	0	0	8	3	0	9	0	0	3	3	0	9	0	0	0	8	0	0	0	0	0	0
20180808-032354_369_live	3	0	8	0	4	0	6	0	9	9	0	9	0	8	0	0	9	0	0	0	0	10	0	0	1
20180808-013755_350_live	8	8	8	0	8	8	4	10	0	10	4	0	8	3	0	10	7	0	6	6	9	0	9	9	9	0	0	8	5	0	0	0	8	8	0	8	0
20180719-165941_192_live	8	0	0	7	4	0	0	9	9	0	0	9	0	0	3	0	0	8	8	5	0	0	8	8	9	9	0	0	8	8	0	8	9	0	0	8	3	3	0	0
20180825-073813_141_live	6	9	0	0	9	3	0	0	0	0	9	3	3	0	0	9	8	0	0	0	0	0	0	8	1	0	9	9	0	8	0	0	8	0	8	0
20180825-051212_932_live	9	0	8	0	9	7	0	0	0	0	8	0	0	0	0	0	1	0	0	0	0	0	8	8	0	8	8	0	8	8	0
20180825-055034_34_live	8	0	8	9	0	9	1	0	0	9	9	9	0	9	9	0	9	9	0	9	9	0	9	0	9	0	9	0	9
20180808-034448_815_live	8	7	7	0	8	3	3	0	0	8	3	8	0	10	3	0	7	7	0	8	9	9	0	7	9	0	9	0	9	9	9	0	9	6	0	0	8	1
20180826-192022_0_live	4	0	0	4	0	3	0	9	0	0	0	9	9	0	0	9	0	0	8	0	0	0	0	9	0	0	9	0	8
20180808-035431_488_live	8	0	0	8	8	0	9	0	0	0	9	0	0	1	0	0	8	9	8	0	0	9	10	0	10	10	0	0	8	0	0	0	0	10	10	10	0	0
20180825-075658_709_live	8	8	8	0	9	0	9	9	0	0	9	0	8	3	5	0	10	10	0	0	8	8	0	0	0	8	0	0	0	8	0	8	8	0	8
20180825-075630_493_live	8	8	0	0	8	8	0	0	0	8	10	9	0	0	9	9	0	0	0	10	0	8	0	0	0	8	8	10	0	0	8	1	0	8	8	0	0	8	8	0	0	8	0
20180824-022557_24_live	8	6	0	9	9	9	0	9	0	9	9	0	8	0	0	8	0	8	0	0	8	8	0	0	8	8	0	0	0	8	0
20180719-211253_768_live	8	0	0	7	7	0	8	4	4	4	0	3	3	0	0	3	2	2	0	2	2	0	10	4	0	0	0	0	0	0	8	8	6	6	0	8	7	0	0	9	9	0	0	0	8	0	0	0
20180826-053845_531_live	9	9	9	0	1	1	0	0	3	3	3	0	0	1	0	0	8	1	1	0	0	9	9	0	8	8	0	1	1	0	8	1	0	0	0	1	1	0	8	8	0	0
20180826-062356_655_live	8	0	0	6	0	9	0	0	2	0	0	0	9	0	0	9	0	0	0	2	0	0	0	3	0	0	10	0	1	0	0
20180825-092012_333_live	8	0	9	0	0	9	0	0	9	0	0	9	0	0	8	0	0	0	9	0	0	0	8	0	0	9	0	10	0	0	0
20180826-193546_146_live	8	0	9	0	9	0	8	0	0	0	8	7	0	0	0	8	0	8	0	0	8	8	0
20180827-033412_606_live	8	0	9	0	0	8	9	0	0	9	9	3	3	1	0	0	8	8	0	0	0	8	8	1	0	9	9	0	0	8	1	1	0	0	9	9	9	9	0	0	8	2	2	2	2	2	2	0	0
20180826-013529_897_live	8	0	8	0	8	0	10	0	1	0	8	0	3	0	8	0	8	0	8	0
20180827-035202_980_live	8	6	0	9	7	0	0	1	1	0	9	9	9	0	0	9	9	0	0	9	4	0	8	1	7	0	1	5	5	0	0	8	0	0	0	8	5	0	0	0	0	8	8
20180826-045748_926_live	8	0	6	0	7	0	10	0	10	8	0	8	1	0	8	0	0	8	0	0	8	0	8	0
20180808-032041_562_live	6	0	0	1	1	0	8	7	0	8	0	0	8	0	0	10	0	8	8	0	8	8	0	8	0	8	8	8	0
20180825-090032_956_live	8	6	9	0	8	9	9	0	0	8	9	0	9	0	9	9	5	5	0	8	8	9	0	9	9	5	0	0	8	9	9	0	0	9	9	5	5	5	0	0	0	8	0
20180808-004203_194_live	8	0	7	0	9	0	9	9	0	9	0	0	8	8	0	9	0	9	0	8	0	9	0	8
20180826-212714_597_live	6	0	9	9	7	0	1	8	0	0	0	0	0	0	8	0	7	0	8	0	8	0	8	0	8	0
20180825-085709_930_live	6	0	8	8	0	0	8	0	5	7	0	8	9	9	9	0	3	0	10	0	0	0	1	1	0	0	8	8	0
20180826-082717_200_live	8	0	9	0	9	0	0	0	0	8	0	0	8	7	0	8	0	8	0	8	8	0	8	0
20180825-064838_945_live	8	0	8	0	4	0	0	2	0	0	1	0	0	1	0	0	8	1	0	0	8	3	3	0	0	10	0	8	0	0
20180825-084657_775_live	8	0	8	8	0	0	0	7	0	3	0	8	7	0	8	7	0	8	6	0	8	0	8	8	8	0
20180825-055321_232_live	8	0	8	8	8	0	0	8	0	0	8	0	0	0	0	0	10	0	0	0	8	0	0	0	8	8	0	0	8	0	0	8	0	8
20180825-065411_526_live	8	0	0	0	8	0	0	0	0	0	0	0	0	10	0	0	0	8	8	8	10	0	0	10	0	0	0	8	10	0	0	9	0	0	0	0	0
20180824-023730_85_live	8	0	6	0	4	8	0	0	8	0	4	0	8	0	8	8	0	0	0	8	0	0	8	1	0	8	0	0	0
20180825-143255_249_live	6	0	0	9	0	9	9	0	9	5	3	3	3	0	9	9	8	0	0	0	0	0	8	8	0	8	8	0	8	0
20180723-042421_113_live	9	0	9	0	9	0	0	0	0	0	9	9	0	0	0	9	0	0	8	8	0	1	1	0	0	0	8	0	0	0	0	0	0	1	0	0
20180825-075611_866_live	8	0	8	6	1	1	0	5	5	0	0	0	0	8	9	9	0	9	9	0	0	0	0	0	0	8	8	0	8	8	0	0
20180825-080802_964_live	8	0	6	0	0	8	9	9	0	0	8	2	2	8	0	0	0	0	5	0	0	0	8	8	0	0	8	5	0	0	0	8	8	0	0	0	9	8	0	0	8	0	8	0	0	0	0	0	8	8
20180825-062128_451_live	8	0	0	0	8	8	8	0	0	10	0	0	0	0	8	2	0	0	0	2	2	2	0	0	0	8	8	0	0	0	8	0	0	0	0	8	8	0	0	0	8	0	0	8	8	8	8	0	0
20180808-015530_429_live	7	0	9	1	1	0	0	0	0	0	7	0	8	8	0	8	8	8	3	3	1	0	8	1	1	7	0	8	8	8	8	3	3	1	0	0	8	9	9	8	0	0	8	8	1	0	8	8	0	0	8	8	0
20180723-093509_578_live	8	6	9	0	7	0	8	9	0	4	0	8	1	7	0	8	8	9	1	7	0	0	0	7	7	0	8	1	7	0	9	8	8	3	3	0	8	8	8	8	0	8	0
20180825-052611_640_live	0	0	9	8	0	0	8	0	8	8	0	0	9	0	9	0	0	8	0	0	8	8	0	8	0	0	8	0	0
20180723-044617_32_live	8	8	6	0	0	0	9	0	0	9	9	9	0	0	0	3	3	5	0	0	0	0	5	1	1	8	8	0	0	9	0	5	3	3	3	5	0	0	0	0	0	0	9	0	0	8	0	8	0	9	0	0	8
20180825-082635_438_live	3	3	3	0	3	3	0	0	8	1	1	0	0	0	0	8	8	1	1	0	0	0	8	2	2	2	2	2	0	0	0	8	8	2	1	0	0	0	0	9	1	0	0	0	0	0	8	8	8	0	0	0	8	1	1	1	1	1	0	0	8	8	8	8	0	0
20180825-073559_995_live	8	0	8	0	8	8	6	0	9	3	7	0	8	9	7	0	8	1	5	4	0	0	8	1	1	8	0	8	0	8	0	0	8	9	7	0	8	0
20180825-071459_643_live	4	0	0	4	0	0	9	0	9	0	0	9	0	8	0	8	8	0	8	0	0	8	0	8	0
20180829-082113_449_live	8	0	8	0	0	8	8	0	0	8	8	8	0	8	8	0	0	8	6	0	9	9	9	9	0	8	0	9	10	10	8	0	8	8	0	8	8
20180826-174957_757_live	1	1	0	8	0	10	0	8	0	1	1	0	8	0	0	0	0	8	0	9	0	8	0	8
20180826-204907_535_live	8	0	8	0	8	6	0	0	9	7	0	0	8	7	0	0	0	8	9	4	0	8	1	8	0	9	9	9	0	8	0	0	0	8	0	0	0	0	8	8	8	0
20180808-070517_921_live	8	8	0	9	8	5	0	8	0	8	8	8	0	4	0	0	4	0	7	0	0	7	0	0	8	0	8	0
20180827-004200_630_live	8	0	8	0	0	8	0	0	1	3	3	1	0	0	0	0	8	1	1	0	0	0	3	0	0	0	0	8	1	9	8	0	0	0	0	0	8	7	0	0	0	0	8	8	8	0	8	8	0	0	0	0	0	0	8	8
20180723-064603_378_live	8	0	0	9	9	0	0	9	0	9	0	0	9	9	0	0	9	9	0	9	0	0	8	8	0	5	5	0	0	8	0
20180808-040435_931_live	8	8	0	0	8	8	0	9	0	9	9	0	8	0	9	0	9	0	8	8	0	9	0	8	8	8	0	9	0
20180904-024226_703_live	8	0	0	8	6	0	7	0	0	1	0	0	8	8	0	5	5	0	0	0	0	10	0	0	0	0	8	8	0	0	8	0	8	0
20180826-064104_677_live	8	8	0	0	8	4	0	0	8	8	8	6	0	8	9	9	8	0	0	8	0	8	8	1	0	8	8	8	4	0	0	9	4	0	0	2	4	0	0	8	9	8	0
20180825-044252_786_live	6	0	0	9	0	8	0	2	2	5	0	8	5	8	0	0	5	5	0	9	0	0	9	9	0	0	9	9	0	0	8	8	0	8	8
20180825-043229_970_live	8	0	8	9	0	0	9	10	7	0	0	0	2	7	0	0	2	2	2	2	10	8	0	0	0	8	0	9	0	0	0	0	0	9	9	0	0	0	8	8	0	0	0
20180723-042344_940_live	4	0	8	7	0	8	6	0	9	0	0	0	0	0	0	0	8	5	5	0	8	0	8	0	0	0	8	0
20180825-074318_984_live	8	0	8	9	9	0	0	9	0	0	0	0	0	9	0	0	0	0	0	0	8	8	0	0	1	1	0	0	0	0	8	8	0	9	8	0	0	9	0	0
20180808-062753_12_live	8	0	6	0	0	9	1	3	0	9	1	0	9	0	9	8	0	9	0	0	8	0	0	0	8	0	0	0
20180808-050533_601_live	9	9	0	0	9	3	0	0	0	9	9	1	0	9	9	0	1	1	0	0	0	1	3	0	0	1	0	0	2	2	1	0	8	8	0	0	8	8	8	0	7	9
20180824-031232_169_live	8	6	0	9	7	0	8	9	9	1	1	0	0	8	8	8	0	0	0	0	0	0	0	0	8	1	0	0	0	0	0	8	8	0	8	0	8	0	0	0	0	0	0	0
20180825-075627_48_live	8	6	8	0	0	0	9	0	9	0	0	9	0	0	0	8	0	0	0	9	8	0	0	0	5	0	0	0	0	0	9	9	0	0	8	0	8	0
20180823-020508_596_live	8	0	8	8	0	8	8	7	0	8	7	0	0	8	7	0	8	0	8	8	8	0	8	0	8	0	8	10	0
20180808-035715_390_live	8	0	0	8	4	0	0	8	9	0	0	8	2	9	0	0	0	8	9	1	0	0	0	8	2	0	0	0	0	0	8	8	0	8	9	3	9	0	0	8	8	0
20180825-060251_387_live	8	0	0	8	8	7	0	0	9	9	0	0	9	9	0	0	0	8	5	0	0	8	1	1	0	0	8	1	8	0	0	0	0	0	0	0	7	0	0	0	8	8	8	0	0	0	8	8	8	0	0	0
20180723-100140_767_live	3	0	0	3	0	0	7	0	10	8	9	0	0	9	9	9	0	0	8	5	0	0	8	0	8	1	0	0	5	8	0	0	8	8	0	0
20180808-030338_328_live	6	9	9	9	0	8	8	9	9	3	0	8	9	0	9	0	9	0	9	9	0	9	0	8	0	5	5	0	10	0	8	0	0
20180723-101530_805_live	8	0	0	8	8	0	0	8	4	4	0	0	9	7	0	0	3	3	3	3	0	6	0	9	0	0	9	0	9	0	0	8	9	8	0	0	0
20180723-120746_371_live	8	0	9	0	9	1	1	0	7	1	8	0	0	8	8	8	8	0	8	8	8	0	8	8	8	0	7	0	9	0	9	9	9	0
20180825-083430_379_live	8	8	0	8	8	0	0	8	4	0	8	9	6	0	9	0	1	0	9	9	0	8	8	0	0	0	0	8	8	8	0
20180825-085908_923_live	8	0	0	0	8	8	4	0	0	0	8	6	0	9	0	0	9	0	8	0	0	5	10	8	0	10	0	5	8	0	0	8	0	0	0	0	8
20180723-114415_254_live	7	0	6	0	4	0	4	0	4	0	8	0	8	0	4	0	4	0	8	0
20180723-075339_567_live	8	0	0	8	7	7	0	0	9	0	0	9	9	0	0	0	0	0	0	8	1	0	0	8	1	1	0	0	9	0	0	8	8	0	8	0
20180723-062856_180_live	4	0	8	8	4	0	8	6	0	9	0	0	8	1	0	0	9	9	0	0	9	0	9	9	3	0	3	3	3	3	0	0	1	0	8	8	8
20180723-105210_403_live	8	0	9	0	8	0	0	0	1	7	0	1	1	1	3	3	3	3	3	3	1	1	1	0	0	0	0	0	8	1	1	1	8	0	0	10	10	0	0	8	0	0	0	9	0	8	8	0	0
20180824-121026_498_live	6	0	0	8	8	0	9	9	9	9	9	0	0	0	8	8	0	0	3	3	0	0	8	0	1	1	0	9	9	9	9	0	0	8	0	0	8	0
20180826-080505_231_live	4	0	8	0	8	0	8	0	8	0	8	0	8	8	0	1	0	8	0	8	0
20180808-033451_555_live	4	0	3	0	8	9	0	4	0	10	0	0	8	0	8	0	8	0	0	8	0	8	0
20180825-071727_819_live	8	0	0	8	0	0	3	0	9	0	0	8	0	10	0	0	0	8	0	0	0	8	0	5	0	0	8	8	0	0
20180723-080248_452_live	8	8	0	9	0	0	8	6	0	9	0	0	8	3	3	0	0	8	8	0	9	9	0	8	8	8	0	8	8	9	8	0	0	5	8	0
20180826-174459_637_live	6	0	9	4	0	8	0	9	8	0	0	8	0	8	0	8	0	8	4	0	8	0	8	0
20180826-055352_947_live	8	0	0	6	0	0	8	9	9	0	0	9	9	9	4	0	0	0	0	0	8	8	8	10	1	0	0	1	1	0	0	0	0	0	8	8	8	8	0	0	8	7	0	0	0	8	2	2	1	1	8	0	0	0	0	0	0	0	0	8	8	0
20180826-044626_167_live	8	8	9	0	0	9	9	0	0	9	3	9	0	0	0	9	9	9	0	9	9	9	8	0	9	1	0	0	0	8	0	8	0	8	0	0	9	9	8	0	9	8	0	0	8	8
20180808-034352_717_live	8	8	0	0	8	4	0	8	8	0	8	8	4	0	0	8	8	8	3	7	0	0	6	9	9	0	8	5	9	0	8	8	1	1	0	0	8	1	0	0	8	8	0	0
20180825-090251_7_live	8	8	0	8	7	0	2	8	8	0	8	8	7	0	9	7	0	8	1	1	1	4	0	8	2	7	0	4	0	2	4	0	8	8	0
20180826-182048_519_live	8	0	8	0	8	0	2	0	9	9	0	2	2	0	0	8	0	9	0	8	7	0	9	8	0	8
20180826-173836_197_live	8	0	0	8	6	0	9	4	0	0	10	9	0	0	8	8	0	0	0	8	0	0	0	9	9	9	0	0	2	2	0	2	2	0	0	8	8	0	0	0
20180723-112016_503_live	8	0	10	6	0	8	9	0	0	0	8	0	0	8	9	9	9	0	9	0	8	0	10	0	8	0	0	0	0
20180719-202443_897_live	8	0	8	3	7	0	7	0	8	8	0	8	0	9	6	0	9	0	8	9	0	8	9	8	0	0	0	0
20180719-211301_463_live	6	0	0	9	0	9	9	3	3	0	0	4	0	0	8	9	0	0	8	8	0	8	8	8	8	0	1	1	1	0	0	8	7	7	0	0	0	8	8	0	0	0	8
20180723-042342_809_live	6	0	9	0	0	0	9	9	9	0	0	9	9	0	0	0	0	0	9	0	0	0	0	9	9	9	8	9	0	0	8	8	8	0	0	0	0	8	9	9	8	8	0	0	0	0	0	9	8	0	0	7	9	0	0	7
20180902-215344_542_live	8	8	0	0	0	0	9	8	0	0	8	8	0	8	9	0	9	9	0	0	1	1	0	8	5	5	8	0	0	0	8	8	1	0	0	8	0	0	8	0	0	0
20180826-072151_442_live	6	0	3	0	0	3	3	0	3	8	3	0	0	8	3	3	0	8	1	0	1	1	1	0	0	8	7	0	1	0	10	8	0	0
20180825-080436_824_live	6	0	9	0	0	9	0	0	9	0	9	9	0	9	9	0	0	9	9	8	0	0	9	0	0	0	0	8	8	0	0	10	8
20180808-063034_444_live	8	0	8	0	0	8	0	0	8	8	0	0	0	0	0	0	0	0	0	8	0	0	0	0	9	0	0	9	0	0	0	0	3	4	0	0	0	3	3	3	0	0	0
20180825-071316_761_live	8	0	9	0	0	9	0	0	10	0	0	8	1	0	1	1	0	0	0	8	0	8	0	0	0	8	0	0	8	1	0	0
